#metadataBlock	name	dataverseAlias	displayName	blockURI														
	citation		Common Metadata	https://dataverse.org/schema/citation/														
#datasetField	name	title	description	watermark	 fieldType	displayOrder	displayFormat	advancedSearchField	allowControlledVocabulary	allowmultiples	facetable	displayOnCreate	required	parent	metadatablock_id	termURI		
	title	Title	Full title by which the Dataset is known.	Enter title...	text	0		TRUE	FALSE	FALSE	FALSE	TRUE	TRUE		citation	http://purl.org/dc/terms/title		
	subtitle	Subtitle	A secondary title used to amplify or state certain limitations on the main title.		text	1		FALSE	FALSE	FALSE	FALSE	FALSE	FALSE		citation			
	alternativeTitle	Alternative Title	A title by which the work is commonly referred, or an abbreviation of the title.		text	2		FALSE	FALSE	FALSE	FALSE	FALSE	FALSE		citation	http://purl.org/dc/terms/alternative		
	alternativeURL	Link to data 	A URL where the dataset can be viewed and downloaded.		url	3	"<a href=""#VALUE"" target=""_blank"">#VALUE</a>"	FALSE	FALSE	FALSE	FALSE	TRUE	FALSE		citation	https://schema.org/distribution		
	otherId	Other ID	Another unique identifier that identifies this Dataset (e.g., producer's or another repository's number).		none	4	:	FALSE	FALSE	TRUE	FALSE	FALSE	FALSE		citation			
	otherIdAgency	Agency	Name of agency which generated this identifier.		text	5	#VALUE	FALSE	FALSE	FALSE	FALSE	FALSE	FALSE	otherId	citation			
	otherIdValue	Identifier	Other identifier that corresponds to this Dataset.		text	6	#VALUE	FALSE	FALSE	FALSE	FALSE	FALSE	FALSE	otherId	citation			
	datasetContact	Contact	The contact(s) for this Dataset.		none	7		FALSE	FALSE	TRUE	FALSE	TRUE	FALSE		citation			
	datasetContactName	Name	The contact's Family Name, Given Name or the name of the organization.	FamilyName, GivenName or Organization	text	8	#VALUE	FALSE	FALSE	FALSE	FALSE	TRUE	FALSE	datasetContact	citation			
	datasetContactAffiliation	Affiliation	The organization with which the contact is affiliated.		text	9	(#VALUE)	FALSE	FALSE	FALSE	FALSE	TRUE	FALSE	datasetContact	citation			
	datasetContactEmail	E-mail	The e-mail address(es) of the contact(s) for the Dataset. This will not be displayed.		email	10	#EMAIL	FALSE	FALSE	FALSE	FALSE	TRUE	TRUE	datasetContact	citation			
	author	Author	The person(s), corporate body(ies), or agency(ies) responsible for creating the work.		none	11		FALSE	FALSE	TRUE	FALSE	TRUE	FALSE		citation	http://purl.org/dc/terms/creator		
	authorName	Name	The author's Family Name, Given Name or the name of the organization responsible for this Dataset.	FamilyName, GivenName or Organization	text	12	#VALUE	TRUE	FALSE	FALSE	TRUE	TRUE	TRUE	author	citation			
	authorAffiliation	Affiliation	The organization with which the author is affiliated.		text	13	(#VALUE)	TRUE	FALSE	FALSE	FALSE	TRUE	FALSE	author	citation			
	authorIdentifierScheme	Identifier Scheme	Name of the identifier scheme (ORCID, ISNI).		text	14	- #VALUE:	FALSE	TRUE	FALSE	FALSE	TRUE	FALSE	author	citation	http://purl.org/spar/datacite/AgentIdentifierScheme		
	authorIdentifier	Identifier	Uniquely identifies an individual author or organization, according to various schemes.		text	15	#VALUE	FALSE	FALSE	FALSE	FALSE	TRUE	FALSE	author	citation	http://purl.org/spar/datacite/AgentIdentifier		
	contributor	Contributor	The organization or person responsible for either collecting, managing, or otherwise contributing in some form to the development of the resource.		none	16		FALSE	FALSE	TRUE	FALSE	FALSE	FALSE		citation	http://purl.org/dc/terms/contributor		
	contributorType	Type	The type of contributor of the  resource.  		text	17	#VALUE :	TRUE	TRUE	FALSE	FALSE	FALSE	FALSE	contributor	citation			
	contributorName	Name	The Family Name, Given Name or organization name of the contributor.	FamilyName, GivenName or Organization	text	18	#VALUE	TRUE	FALSE	FALSE	FALSE	FALSE	FALSE	contributor	citation			
	contributorAffiliation	Contributor Affiliation	The organization with which the author is affiliated.		text	19	(#VALUE)	TRUE	FALSE	FALSE	FALSE	TRUE	FALSE	contributor	citation			
	contributorIdentifierScheme	Contributor Identifier Scheme	Name of the identifier scheme.		text	20	- #VALUE:	FALSE	TRUE	FALSE	FALSE	TRUE	FALSE	contributor	citation			
	contributorIdentifier	Contributor Identifier	Uniquely identifies an individual author or organization, according to various schemes.		text	21	#VALUE	FALSE	FALSE	FALSE	FALSE	TRUE	FALSE	contributor	citation			
	producer	Producer	Person or organization with the financial or administrative responsibility over this Dataset		none	22		FALSE	FALSE	TRUE	FALSE	FALSE	FALSE		citation			
	producerName	Name	Producer name	FamilyName, GivenName or Organization	text	23	#VALUE	TRUE	FALSE	FALSE	TRUE	FALSE	FALSE	producer	citation			
	producerAffiliation	Affiliation	The organization with which the producer is affiliated.		text	24	(#VALUE)	FALSE	FALSE	FALSE	FALSE	FALSE	FALSE	producer	citation			
	producerAbbreviation	Abbreviation	The abbreviation by which the producer is commonly known. (ex. IQSS, ICPSR)		text	25	(#VALUE)	FALSE	FALSE	FALSE	FALSE	FALSE	FALSE	producer	citation			
	producerURL	URL	Producer URL points to the producer's web presence, if appropriate. Enter an absolute URL where the producer's web site is found, such as http://www.my.org.	Enter full URL, starting with http://	url	26	"<a href=""#VALUE"" rel=""noopener"">#VALUE</a>"	FALSE	FALSE	FALSE	FALSE	FALSE	FALSE	producer	citation			
	producerLogoURL	Logo URL	URL for the producer's logo, which points to this  producer's web-accessible logo image. Enter an absolute URL where the producer's logo image is found, such as http://www.my.org/images/logo.gif.	Enter full URL for image, starting with http://	url	27	"<img src=""#VALUE"" alt=""#NAME"" class=""metadata-logo""/><br/>"	FALSE	FALSE	FALSE	FALSE	FALSE	FALSE	producer	citation			
	productionDate	Production Date	Date when the data collection or other materials were produced (not distributed, published or archived).	YYYY-MM-DD	date	28		TRUE	FALSE	FALSE	FALSE	FALSE	FALSE		citation			
	productionPlace	Production Place	The location where the data collection and any other related materials were produced.		text	29		FALSE	FALSE	FALSE	FALSE	FALSE	FALSE		citation			
	distributor	Distributor	The organization designated by the author or producer to generate copies of the particular work including any necessary editions or revisions.		none	30		FALSE	FALSE	TRUE	FALSE	FALSE	FALSE		citation			
	distributorName	Name	Distributor name	FamilyName, GivenName or Organization	text	31	#VALUE	TRUE	FALSE	FALSE	TRUE	FALSE	FALSE	distributor	citation			
	distributorAffiliation	Affiliation	The organization with which the distributor contact is affiliated.		text	32	(#VALUE)	FALSE	FALSE	FALSE	FALSE	FALSE	FALSE	distributor	citation			
	distributorAbbreviation	Abbreviation	The abbreviation by which this distributor is commonly known (e.g., IQSS, ICPSR).		text	33	(#VALUE)	FALSE	FALSE	FALSE	FALSE	FALSE	FALSE	distributor	citation			
	distributorURL	URL	Distributor URL points to the distributor's web presence, if appropriate. Enter an absolute URL where the distributor's web site is found, such as http://www.my.org.	Enter full URL, starting with http://	url	34	"<a href=""#VALUE"" rel=""noopener"">#VALUE</a>"	FALSE	FALSE	FALSE	FALSE	FALSE	FALSE	distributor	citation			
	distributorLogoURL	Logo URL	URL of the distributor's logo, which points to this  distributor's web-accessible logo image. Enter an absolute URL where the distributor's logo image is found, such as http://www.my.org/images/logo.gif.	Enter full URL for image, starting with http://	url	35	"<img src=""#VALUE"" alt=""#NAME"" class=""metadata-logo""/><br/>"	FALSE	FALSE	FALSE	FALSE	FALSE	FALSE	distributor	citation			
	distributionDate	Distribution Date	Date that the work was made available for distribution/presentation.	YYYY-MM-DD	date	36		TRUE	FALSE	FALSE	FALSE	FALSE	FALSE		citation			
	dsDescription	Description	A summary describing the purpose, nature, and scope of the Dataset.		none	37		FALSE	FALSE	TRUE	FALSE	TRUE	FALSE		citation			
	dsDescriptionValue	Text	A summary describing the purpose, nature, and scope of the Dataset.		textbox	38	#VALUE	TRUE	FALSE	FALSE	FALSE	TRUE	TRUE	dsDescription	citation			
	dsDescriptionDate	Date	In cases where a Dataset contains more than one description (for example, one might be supplied by the data producer and another prepared by the data repository where the data are deposited), the date attribute is used to distinguish between the two descriptions. The date attribute follows the ISO convention of YYYY-MM-DD.	YYYY-MM-DD	date	39	(#VALUE)	FALSE	FALSE	FALSE	FALSE	TRUE	FALSE	dsDescription	citation			
	language	Language	Language of the Dataset		text	40		TRUE	TRUE	TRUE	FALSE	FALSE	FALSE		citation	http://purl.org/dc/terms/language		
	subject	Subject	Domain-specific Subject Categories that are topically relevant to the Dataset.		text	41		TRUE	TRUE	TRUE	TRUE	TRUE	TRUE		citation	http://purl.org/dc/terms/subject		
	keyword	Keyword	Key terms that describe important aspects of the Dataset.		none	42		FALSE	FALSE	TRUE	FALSE	FALSE	FALSE		citation			
	keywordValue	Term	Key terms that describe important aspects of the Dataset. Can be used for building keyword indexes and for classification and retrieval purposes. A controlled vocabulary can be employed. The vocab attribute is provided for specification of the controlled vocabulary in use, such as LCSH, MeSH, or others. The vocabURI attribute specifies the location for the full controlled vocabulary.		text	43	#VALUE	TRUE	FALSE	FALSE	TRUE	TRUE	FALSE	keyword	citation			
	keywordTermURI	Term URI	Keyword URI points to the web presence of the term. Enter an absolute URI, starting by http://.	Enter full URI, Ex. http://aims.fao.org/aos/agrovoc/c_12332	url	44	"<a href=""#VALUE"" rel=""noopener"">#VALUE</a>"	FALSE	FALSE	FALSE	FALSE	TRUE	FALSE	keyword	citation			
	keywordVocabulary	Vocabulary	For the specification of the keyword controlled vocabulary in use, such as LCSH, MeSH, or others.		text	45	(#VALUE)	FALSE	FALSE	FALSE	FALSE	TRUE	FALSE	keyword	citation			
	keywordVocabularyURI	Vocabulary URL	Keyword vocabulary URL points to the web presence that describes the keyword vocabulary, if appropriate. Enter an absolute URL where the keyword vocabulary web site is found, such as http://www.my.org.	Enter full URL, starting with http://	url	46	"<a href=""#VALUE"" rel=""noopener"">#VALUE</a>"	FALSE	FALSE	FALSE	FALSE	TRUE	FALSE	keyword	citation			
	topicClassification	Topic Classification	The classification field indicates the broad important topic(s) and subjects that the data cover. Library of Congress subject terms may be used here.		none	47		FALSE	FALSE	TRUE	FALSE	FALSE	FALSE		citation			
	topicClassValue	Term	Topic or Subject term that is relevant to this Dataset.		text	48	#VALUE	TRUE	FALSE	FALSE	TRUE	FALSE	FALSE	topicClassification	citation			
	topicClassVocab	Vocabulary	Provided for specification of the controlled vocabulary in use, e.g., LCSH, MeSH, etc.		text	49	(#VALUE)	FALSE	FALSE	FALSE	FALSE	FALSE	FALSE	topicClassification	citation			
	topicClassVocabURI	Vocabulary URL	Specifies the URL location for the full controlled vocabulary.	Enter full URL, starting with http://	url	50	"<a href=""#VALUE"" rel=""noopener"">#VALUE</a>"	FALSE	FALSE	FALSE	FALSE	FALSE	FALSE	topicClassification	citation			
	kindOfData	Kind of Data	Type of data included in the file.		text	51		TRUE	TRUE	TRUE	TRUE	TRUE	TRUE		citation	http://rdf-vocabulary.ddialliance.org/discovery#kindOfData		
	kindOfDataOther	Other Kind of Data	Fill if 'Other' is selected for Kind of Data.		text	52		FALSE	FALSE	TRUE	FALSE	TRUE	FALSE		citation			
	dataOrigin	Data Origin			text	53		TRUE	TRUE	TRUE	TRUE	FALSE	FALSE		citation			
	dataSources	Data Sources	List of books, articles, serials, or machine-readable data files that served as the sources of the data collection.		textbox	54		FALSE	FALSE	TRUE	FALSE	FALSE	FALSE		citation	https://www.w3.org/TR/prov-o/#wasDerivedFrom		
	originOfSources	Origin of Sources	For historical materials, information about the origin of the sources and the rules followed in establishing the sources should be specified.		textbox	55		FALSE	FALSE	FALSE	FALSE	FALSE	FALSE		citation			
	characteristicOfSources	Characteristic of Sources Noted	Assessment of characteristics and source material.		textbox	56		FALSE	FALSE	FALSE	FALSE	FALSE	FALSE		citation			
	accessToSources	Documentation and Access to Sources	Level of documentation of the original sources.		textbox	57		FALSE	FALSE	FALSE	FALSE	FALSE	FALSE		citation			
	software	Software	Information about the software used to generate the Dataset.		none	58	0	FALSE	FALSE	TRUE	FALSE	FALSE	FALSE		citation	https://www.w3.org/TR/prov-o/#wasGeneratedBy		
	softwareName	Name	Name of software used to generate the Dataset.		text	59	#VALUE	FALSE	FALSE	FALSE	FALSE	FALSE	FALSE	software	citation			
	softwareVersion	Version	Version of the software used to generate the Dataset.		text	60	#NAME: #VALUE	FALSE	FALSE	FALSE	FALSE	FALSE	FALSE	software	citation			
	series	Series	Information about the Dataset series.		none	61	:	FALSE	FALSE	FALSE	FALSE	FALSE	FALSE		citation			
	seriesName	Name	Name of the dataset series to which the Dataset belongs.		text	62	#VALUE	TRUE	FALSE	FALSE	TRUE	FALSE	FALSE	series	citation			
	seriesInformation	Information	History of the series and summary of those features that apply to the series as a whole.		textbox	63	#VALUE	FALSE	FALSE	FALSE	FALSE	FALSE	FALSE	series	citation			
	lifeCycleStep	Life cycle step	Specifies the event happening over the data life cycle that is considered significant enough to document.		text	64		TRUE	TRUE	TRUE	TRUE	FALSE	FALSE		citation			
	notesText	Notes	Additional important information about the Dataset.		textbox	65		FALSE	FALSE	FALSE	FALSE	FALSE	FALSE		citation			
	publication	Related Publication	Publications that use the data from this Dataset. The full list of Related Publications will be displayed on the metadata tab.		none	66		FALSE	FALSE	TRUE	FALSE	TRUE	FALSE		citation	http://purl.org/dc/terms/isReferencedBy		
	publicationCitation	Citation	The full bibliographic citation for this related publication.		textbox	67	#VALUE	TRUE	FALSE	FALSE	FALSE	TRUE	FALSE	publication	citation	http://purl.org/dc/terms/bibliographicCitation		
	publicationID	ID	Identifiers		none	68		FALSE	FALSE	TRUE	FALSE	TRUE	FALSE	publication	citation			
	publicationIDType	ID Type	The type of digital identifier used for this publication (e.g., Digital Object Identifier (DOI)).		text	69	#VALUE: 	TRUE	TRUE	FALSE	FALSE	TRUE	FALSE	publicationID	citation	http://purl.org/spar/datacite/ResourceIdentifierScheme		
	publicationIDNumber	ID Number	The identifier for the selected ID type.		text	70	#VALUE	TRUE	FALSE	FALSE	FALSE	TRUE	FALSE	publicationID	citation	http://purl.org/spar/datacite/ResourceIdentifier		
	publicationURL	URL	Link to the publication web page (e.g., journal article page, archive record page, or other).	Enter full URL, starting with http://	url	71	"<a href=""#VALUE"" rel=""noopener"">#VALUE</a>"	FALSE	FALSE	FALSE	FALSE	FALSE	FALSE	publication	citation	https://schema.org/distribution		
	relatedMaterial	Related Material	Any material related to this Dataset.		textbox	72		FALSE	FALSE	TRUE	FALSE	FALSE	FALSE		citation			
	relatedDataset	Related Datasets			none	73		FALSE	FALSE	TRUE	FALSE	FALSE	FALSE		citation	http://purl.org/dc/terms/relation		
	relatedDatasetCitation	Related dataset Citation	Any Datasets that are related to this Dataset, such as previous research on this subject.		textbox	74	#VALUE: 	TRUE	FALSE	FALSE	FALSE	FALSE	FALSE	relatedDataset	citation	http://purl.org/dc/terms/relation		0
	relatedDatasetIDType	Related dataset ID Type	The type of digital identifier used for this related dataset (e.g., Digital Object Identifier (DOI)).		text	75	#VALUE: 	TRUE	FALSE	FALSE	FALSE	FALSE	FALSE	relatedDataset	citation			
	relatedDatasetIDNumber	Related dataset ID Number	The identifier for the selected ID type.		text	76	#VALUE	TRUE	FALSE	FALSE	FALSE	FALSE	FALSE	relatedDataset	citation			
	relatedDatasetURL	Related dataset URL	The URL of the related dataset	Enter full URL, starting with http://	url	77	"<a href=""#VALUE"">#VALUE</a>"	FALSE	FALSE	FALSE	FALSE	FALSE	FALSE	relatedDataset	citation			
	otherReferences	Other References	Any references that would serve as background or supporting material to this Dataset.		text	78		FALSE	FALSE	TRUE	FALSE	FALSE	FALSE		citation	http://purl.org/dc/terms/references		
	grantNumber	Grant Information	Grant Information		none	79	:	FALSE	FALSE	TRUE	FALSE	FALSE	FALSE		citation	https://schema.org/sponsor		
	grantNumberAgency	Grant Agency	Grant Number Agency		text	80	#VALUE	TRUE	FALSE	FALSE	TRUE	FALSE	FALSE	grantNumber	citation			
	grantNumberValue	Grant Number	The grant or contract number of the project that  sponsored the effort.		text	81	#VALUE	TRUE	FALSE	FALSE	TRUE	FALSE	FALSE	grantNumber	citation			
	project	Project Information	Project that produces data (if the project reuses existing data, fill in the related dataset metadata)		none	82		FALSE	FALSE	FALSE	FALSE	FALSE	FALSE		citation			
	projectAcronym	Project Acronym	The acronym of the project	EXPLICA	text	83	#VALUE	TRUE	FALSE	FALSE	TRUE	FALSE	FALSE	project	citation			
	projectTitle	Project Title	The full name of the project	Exhaust Pipe noise radiation Modelling by Innovative Computational Aeroacoustics	text	84	(#VALUE)	TRUE	FALSE	FALSE	TRUE	FALSE	FALSE	project	citation			
	projectId	Project ID	The identifier of the project. For a European project, use CORDIS to find the project ID:  https://cordis.europa.eu/projects/home_fr.html	235334	text	85	. ID #VALUE	TRUE	FALSE	FALSE	TRUE	FALSE	FALSE	project	citation			
	projectURL	Link to Project Website	The URL to the project website.	Enter full URL, starting with http://	url	86	"<a href=""#VALUE"">#VALUE</a>"	FALSE	FALSE	FALSE	TRUE	FALSE	FALSE	project	citation			
	projectWorkPackage	Project Work Package			text	87	. WP #VALUE	TRUE	FALSE	FALSE	TRUE	FALSE	FALSE	project	citation			
	projectTask	Project Task			text	88	. Task #VALUE	TRUE	FALSE	FALSE	TRUE	FALSE	FALSE	project	citation			
	timePeriodCovered	Time Period Covered	Time period to which the data refer. This item reflects the time period covered by the data, not the dates of coding or making documents machine-readable or the dates the data were collected. Also known as span.		none	89	;	FALSE	FALSE	TRUE	FALSE	FALSE	FALSE		citation	https://schema.org/temporalCoverage		
	timePeriodCoveredStart	Start	Start date which reflects the time period covered by the data, not the dates of coding or making documents machine-readable or the dates the data were collected.	YYYY-MM-DD	date	90	#NAME: #VALUE 	TRUE	FALSE	FALSE	FALSE	FALSE	FALSE	timePeriodCovered	citation			
	timePeriodCoveredEnd	End	End date which reflects the time period covered by the data, not the dates of coding or making documents machine-readable or the dates the data were collected.	YYYY-MM-DD	date	91	#NAME: #VALUE 	TRUE	FALSE	FALSE	FALSE	FALSE	FALSE	timePeriodCovered	citation			
	dateOfCollection	Date of Collection	Contains the date(s) when the data were collected.		none	92	;	FALSE	FALSE	TRUE	FALSE	FALSE	FALSE		citation			
	dateOfCollectionStart	Start	Date when the data collection started.	YYYY-MM-DD	date	93	#NAME: #VALUE 	FALSE	FALSE	FALSE	FALSE	FALSE	FALSE	dateOfCollection	citation			
	dateOfCollectionEnd	End	Date when the data collection ended.	YYYY-MM-DD	date	94	#NAME: #VALUE 	FALSE	FALSE	FALSE	FALSE	FALSE	FALSE	dateOfCollection	citation			
	depositor	Depositor	The person (Family Name, Given Name) or the name of the organization that deposited this Dataset to the repository.		text	95		FALSE	FALSE	FALSE	FALSE	FALSE	FALSE		citation			
	dateOfDeposit	Deposit Date	Date that the Dataset was deposited into the repository.	YYYY-MM-DD	date	96		FALSE	FALSE	FALSE	TRUE	FALSE	FALSE		citation	http://purl.org/dc/terms/dateSubmitted		
#controlledVocabulary	DatasetField	Value	identifier	displayOrder														
	kindOfData	Audiovisual		0														
	kindOfData	Collection		1														
	kindOfData	Dataset		2														
	kindOfData	Event		3														
	kindOfData	Image		4														
	kindOfData	Interactive Resource		5														
	kindOfData	Model		6														
	kindOfData	Physical Object		7														
	kindOfData	Service		8														
	kindOfData	Software		9														
	kindOfData	Sound		10														
	kindOfData	Text		11														
	kindOfData	Workflow		12														
	kindOfData	Other		13														
	dataOrigin	observational data		0														
	dataOrigin	experimental data		1														
	dataOrigin	survey data		2														
	dataOrigin	analysis data		3														
	dataOrigin	text corpus		4														
	dataOrigin	simulation data		5														
	dataOrigin	aggregate data		6														
	dataOrigin	audiovisual corpus		7														
	dataOrigin	computer code		8														
	dataOrigin	Other		9														
	subject	Agricultural Sciences	D01	0														
	subject	Arts and Humanities	D0	1														
	subject	Astronomy and Astrophysics	D1	2														
	subject	Business and Management	D2	3														
	subject	Chemistry	D3	4														
	subject	Computer and Information Science	D7	5														
	subject	Earth and Environmental Sciences	D4	6														
	subject	Engineering	D5	7														
	subject	Law	D8	8														
	subject	Mathematical Sciences	D9	9														
	subject	Medicine, Health and Life Sciences	D6	10														
	subject	Physics	D10	11														
	subject	Social Sciences	D11	12														
	subject	Other	D12	13														
	publicationIDType	ark		0														
	publicationIDType	arXiv		1														
	publicationIDType	bibcode		2														
	publicationIDType	doi		3														
	publicationIDType	ean13		4														
	publicationIDType	eissn		5														
	publicationIDType	handle		6														
	publicationIDType	isbn		7														
	publicationIDType	issn		8														
	publicationIDType	istc		9														
	publicationIDType	lissn		10														
	publicationIDType	lsid		11														
	publicationIDType	pmid		12														
	publicationIDType	purl		13														
	publicationIDType	upc		14														
	publicationIDType	url		15														
	publicationIDType	urn		16														
	relatedDatasetIDType	ark		0														
	relatedDatasetIDType	doi		1														
	relatedDatasetIDType	handle		2														
	relatedDatasetIDType	purl		3														
	relatedDatasetIDType	urn		4														
	contributorType	Data Collector		0														
	contributorType	Data Curator		1														
	contributorType	Data Manager		2														
	contributorType	Editor		3														
	contributorType	Funder		4														
	contributorType	Hosting Institution		5														
	contributorType	Metadata author		6														
	contributorType	Project Leader		7														
	contributorType	Project Manager		8														
	contributorType	Project Member		9														
	contributorType	Registration agency		10		 												
	contributorType	Registration authority 		11														
	contributorType	Related Person		12														
	contributorType	Researcher		13														
	contributorType	Research Group		14														
	contributorType	Rights Holder		15														
	contributorType	Sponsor		16														
	contributorType	Supervisor		17														
	contributorType	Work Package Leader		18														
	contributorType	Other		19														
	authorIdentifierScheme	DAI		0														
	authorIdentifierScheme	DOI		1														
	authorIdentifierScheme	GND		2														
	authorIdentifierScheme	idHAL		3														
	authorIdentifierScheme	ISNI		4														
	authorIdentifierScheme	LCNA		5														
	authorIdentifierScheme	ORCID		6														
	authorIdentifierScheme	ResearcherID		7														
	authorIdentifierScheme	ScopusID		8														
	authorIdentifierScheme	VIAF		9														
	contributorIdentifierScheme	DOI		0														
	contributorIdentifierScheme	idHAL		1														
	contributorIdentifierScheme	info		2														
	contributorIdentifierScheme	ISNI		3														
	contributorIdentifierScheme	LCNA		4														
	contributorIdentifierScheme	ORCID		5														
	lifeCycleStep	Study proposal		0														
	lifeCycleStep	Funding		1														
	lifeCycleStep	Study design		2														
	lifeCycleStep	Instrument design		3														
	lifeCycleStep	Questionnaire translation		4														
	lifeCycleStep	Questionnaire adaptation		5														
	lifeCycleStep	Interviewer training		6														
	lifeCycleStep	Ethics review		7														
	lifeCycleStep	Legal review		8														
	lifeCycleStep	Sampling		9														
	lifeCycleStep	Instrument pre-testing		10														
	lifeCycleStep	Pilot study		11														
	lifeCycleStep	Data collection		12														
	lifeCycleStep	Data collection reports		13														
	lifeCycleStep	Data processing		14														
	lifeCycleStep	Data processing: Coding		15														
	lifeCycleStep	Data processing: Classification		16														
	lifeCycleStep	Data processing: Transcriptions of interviews		17														
	lifeCycleStep	Data processing: Weighting		18														
	lifeCycleStep	Data processing: Aggregation		19														
	lifeCycleStep	Data processing: Composite measures		20														
	lifeCycleStep	Data processing: Derivation		21														
	lifeCycleStep	Data processing: Quality checks		22														
	lifeCycleStep	Data processing: Data integration		23														
	lifeCycleStep	Data processing: Disclosure limitation		24														
	lifeCycleStep	Data processing: Imputation		25														
	lifeCycleStep	Metadata production		26														
	lifeCycleStep	Metadata editing		27														
	lifeCycleStep	Metadata translation		28														
	lifeCycleStep	Final report		29														
	lifeCycleStep	Evaluation		30														
	lifeCycleStep	Original release		31														
	lifeCycleStep	Deposit		32														
	lifeCycleStep	Preservation package production		33														
	lifeCycleStep	Dissemination package production		34														
	lifeCycleStep	Dissemination package release		35														
	lifeCycleStep	Data analysis reports		36														
	lifeCycleStep	New version release		37														
	lifeCycleStep	Other		38														
	language	Abkhaz		0														
	language	Afar		1														
	language	Afrikaans		2														
	language	Akan		3														
	language	Albanian		4														
	language	Amharic		5														
	language	Arabic		6														
	language	Aragonese		7														
	language	Armenian		8														
	language	Assamese		9														
	language	Avaric		10														
	language	Avestan		11														
	language	Aymara		12														
	language	Azerbaijani		13														
	language	Bambara		14														
	language	Bashkir		15														
	language	Basque		16														
	language	Belarusian		17														
	language	Bengali, Bangla		18														
	language	Bihari		19														
	language	Bislama		20														
	language	Bosnian		21														
	language	Breton		22														
	language	Bulgarian		23														
	language	Burmese		24														
	language	Catalan,Valencian		25														
	language	Chamorro		26														
	language	Chechen		27														
	language	Chichewa, Chewa, Nyanja		28														
	language	Chinese		29														
	language	Chuvash		30														
	language	Cornish		31														
	language	Corsican		32														
	language	Cree		33														
	language	Croatian		34														
	language	Czech		35														
	language	Danish		36														
	language	Divehi, Dhivehi, Maldivian		37														
	language	Dutch		38														
	language	Dzongkha		39														
	language	English		40														
	language	Esperanto		41														
	language	Estonian		42														
	language	Ewe		43														
	language	Faroese		44														
	language	Fijian		45														
	language	Finnish		46														
	language	French		47														
	language	Fula, Fulah, Pulaar, Pular		48														
	language	Galician		49														
	language	Ganda		50														
	language	Georgian		51														
	language	German		52														
	language	Greek (modern)		53														
	language	Guaraní		54														
	language	Gujarati		55														
	language	Haitian, Haitian Creole		56														
	language	Hausa		57														
	language	Hebrew (modern)		58														
	language	Herero		59														
	language	Hindi		60														
	language	Hiri Motu		61														
	language	Hungarian		62														
	language	Icelandic		63														
	language	Ido		64														
	language	Igbo		65														
	language	Indonesian		66														
	language	Interlingua		67														
	language	Interlingue		68														
	language	Inuktitut		69														
	language	Inupiaq		70														
	language	Irish		71														
	language	Italian		72														
	language	Japanese		73														
	language	Javanese		74														
	language	Kalaallisut, Greenlandic		75														
	language	Kannada		76														
	language	Kanuri		77														
	language	Kashmiri		78														
	language	Kazakh		79														
	language	Khmer		80														
	language	Kikuyu, Gikuyu		81														
	language	Kinyarwanda		82														
	language	Kirundi		83														
	language	Komi		84														
	language	Kongo		85														
	language	Korean		86														
	language	Kurdish		87														
	language	Kwanyama, Kuanyama		88														
	language	Kyrgyz		89														
	language	Lao		90														
	language	Latin		91														
	language	Latvian		92														
	language	Limburgish, Limburgan, Limburger		93														
	language	Lingala		94														
	language	Lithuanian		95														
	language	Luba-Katanga		96														
	language	Luxembourgish, Letzeburgesch		97														
	language	Macedonian		98														
	language	Malagasy		99														
	language	Malay		100														
	language	Malayalam		101														
	language	Maltese		102														
	language	Manx		103														
	language	Māori		104														
	language	Marathi		105														
	language	Marshallese		106														
	language	Mixtepec Mixtec		107														
	language	Mongolian		108														
	language	Nauru		109														
	language	Navajo, Navaho		110														
	language	Ndonga		111														
	language	Nepali		112														
	language	Northern Ndebele		113														
	language	Northern Sami		114														
	language	Norwegian		115														
	language	Norwegian Bokmål		116														
	language	Norwegian Nynorsk		117														
	language	Nuosu		118														
	language	Occitan		119														
	language	Ojibwe, Ojibwa		120														
	language	Old Church Slavonic,Church Slavonic,Old Bulgarian		121														
	language	Oriya		122														
	language	Oromo		123														
	language	Ossetian, Ossetic		124														
	language	Pāli		125														
	language	Panjabi, Punjabi		126														
	language	Pashto, Pushto		127														
	language	Persian (Farsi)		128														
	language	Polish		129														
	language	Portuguese		130														
	language	Quechua		131														
	language	Romanian		132														
	language	Romansh		133														
	language	Russian		134														
	language	Samoan		135														
	language	Sango		136														
	language	Sanskrit		137														
	language	Sardinian		138														
	language	Scottish Gaelic, Gaelic		139														
	language	Serbian		140														
	language	Shona		141														
	language	Sindhi		142														
	language	Sinhala, Sinhalese		143														
	language	Slovak		144														
	language	Slovene		145														
	language	Somali		146														
	language	Southern Ndebele		147														
	language	Southern Sotho		148														
	language	Spanish, Castilian		149														
	language	Sundanese		150														
	language	Swahili		151														
	language	Swati		152														
	language	Swedish		153														
	language	Tagalog		154														
	language	Tahitian		155														
	language	Tajik		156														
	language	Tamil		157														
	language	Tatar		158														
	language	Telugu		159														
	language	Thai		160														
	language	Tibetan Standard, Tibetan, Central		161														
	language	Tigrinya		162														
	language	Tonga (Tonga Islands)		163														
	language	Tsonga		164														
	language	Tswana		165														
	language	Turkish		166														
	language	Turkmen		167														
	language	Twi		168														
	language	Ukrainian		169														
	language	Urdu		170														
	language	Uyghur, Uighur		171														
	language	Uzbek		172														
	language	Venda		173														
	language	Vietnamese		174														
	language	Volapük		175														
	language	Walloon		176														
	language	Welsh		177														
	language	Western Frisian		178														
	language	Wolof		179														
	language	Xhosa		180														
	language	Yiddish		181														
	language	Yoruba		182														
	language	Zhuang, Chuang		183														
	language	Zulu		184														
	language	Not applicable		185														
